{"cameraMode":{"drawMode":0,"name":"Shaded","section":"Shading Mode"},"sceneLighting":false,"audioPlay":false,"sceneViewState":{"showFog":true,"showMaterialUpdate":false,"showSkybox":false,"showFlares":true,"showImageEffects":true,"showParticleSystems":true},"in2DMode":false,"pivot":{"x":0.7308349609375,"y":0.6732177734375,"z":-0.364013671875},"rotation":{"x":0.20804359018802644,"y":-0.5041388273239136,"z":0.12658186256885529,"w":0.8285765051841736},"size":0.5543164014816284,"orthographic":true}