{"cameraMode":{"drawMode":0,"name":"Shaded","section":"Shading Mode"},"sceneLighting":true,"audioPlay":false,"sceneViewState":{"showFog":true,"showMaterialUpdate":false,"showSkybox":true,"showFlares":true,"showImageEffects":true,"showParticleSystems":true},"in2DMode":false,"pivot":{"x":4.54499626159668,"y":1.0651822090148926,"z":0.9487173557281494},"rotation":{"x":-0.10762261599302292,"y":-0.8824937343597412,"z":0.38618478178977969,"w":-0.24593406915664674},"size":5.839527130126953,"orthographic":false}