{"cameraMode":{"drawMode":0,"name":"Shaded","section":"Shading Mode"},"sceneLighting":false,"audioPlay":false,"sceneViewState":{"showFog":true,"showMaterialUpdate":false,"showSkybox":false,"showFlares":true,"showImageEffects":true,"showParticleSystems":true},"in2DMode":false,"pivot":{"x":-0.0452880859375,"y":2.1023364067077638,"z":0.10966157913208008},"rotation":{"x":0.16999013721942902,"y":-0.6471303701400757,"z":0.15118011832237245,"w":0.7276471257209778},"size":1.2168691158294678,"orthographic":true}